model,mean_fit_time,std_fit_time,mean_score_time,std_score_time,param_class_weight,param_max_depth,param_min_samples_leaf,param_min_samples_split,param_n_estimators,params,split0_test_score,split1_test_score,split2_test_score,mean_test_score,std_test_score,rank_test_score,split0_train_score,split1_train_score,split2_train_score,mean_train_score,std_train_score,param_colsample_bytree,param_learning_rate,param_reg_lambda,param_scale_pos_weight,param_subsample,param_mlp__alpha,param_mlp__batch_size,param_mlp__hidden_layer_sizes,param_mlp__learning_rate_init
Random Forest,9.666103919347128,0.485089190290496,0.7737412452697754,0.02170092565596414,balanced,16.0,8.0,10.0,120.0,"{'class_weight': 'balanced', 'max_depth': 16, 'min_samples_leaf': 8, 'min_samples_split': 10, 'n_estimators': 120}",0.2626742385131647,0.2756524473325647,0.26659674882013634,0.2683078115552886,0.005434720342557241,2,0.4227825997637512,0.4205328669889929,0.4206935179998982,0.4213363282508807,0.0010247692922577436,,,,,,,,,
Random Forest,19.14155634244283,2.626455400485556,1.3286065260569255,0.0507893624944804,balanced,16.0,8.0,10.0,200.0,"{'class_weight': 'balanced', 'max_depth': 16, 'min_samples_leaf': 8, 'min_samples_split': 10, 'n_estimators': 200}",0.26585976627712854,0.2719915922228061,0.2691533326268941,0.26900156370894296,0.002505606740939636,1,0.4254129342929633,0.42766320359745696,0.42771767130345184,0.42693126973129064,0.001073855533489726,,,,,,,,,
Random Forest,13.861586570739746,1.719903351988031,1.2115288575490315,0.20511905126189092,balanced,24.0,8.0,10.0,120.0,"{'class_weight': 'balanced', 'max_depth': 24, 'min_samples_leaf': 8, 'min_samples_split': 10, 'n_estimators': 120}",0.2525027808676307,0.2634256642170718,0.2581644144144144,0.2580309531663723,0.00446024693598318,6,0.5723128506028757,0.5757989975916162,0.578453574894856,0.5755218076964493,0.002514590673915772,,,,,,,,,
Random Forest,21.910353024800617,0.3076613225188559,1.7404380639394124,0.02393819378317141,balanced,24.0,8.0,10.0,200.0,"{'class_weight': 'balanced', 'max_depth': 24, 'min_samples_leaf': 8, 'min_samples_split': 10, 'n_estimators': 200}",0.2515740870295229,0.2645517632063447,0.25954415954415955,0.25855666992667575,0.005343929362438029,5,0.5788685632445805,0.5817778357916721,0.5863847007375498,0.5823436999246008,0.003094428581176834,,,,,,,,,
Random Forest,12.43825395901998,2.4153625537057883,0.7955872217814127,0.1381855808918243,balanced_subsample,16.0,8.0,10.0,120.0,"{'class_weight': 'balanced_subsample', 'max_depth': 16, 'min_samples_leaf': 8, 'min_samples_split': 10, 'n_estimators': 120}",0.26222537207654145,0.27143597719025403,0.2700440055811957,0.26790178494933037,0.004053857715549398,3,0.4183796856106409,0.4208649584840304,0.4238431209794563,0.4210292550247092,0.0022334616663026536,,,,,,,,,
Random Forest,20.418513377507526,2.9569333928988675,0.7657214800516764,0.2091144824756977,balanced_subsample,16.0,8.0,10.0,200.0,"{'class_weight': 'balanced_subsample', 'max_depth': 16, 'min_samples_leaf': 8, 'min_samples_split': 10, 'n_estimators': 200}",0.2608423686405338,0.27088368183251027,0.2699700982486117,0.2672320495738853,0.004533554570365189,4,0.42571649883810997,0.42511532547411585,0.4266928970801408,0.4258415737974555,0.0006500850468082407,,,,,,,,,
Random Forest,14.54870597521464,0.200717575582422,0.6721904277801514,0.09157228222852538,balanced_subsample,24.0,8.0,10.0,120.0,"{'class_weight': 'balanced_subsample', 'max_depth': 24, 'min_samples_leaf': 8, 'min_samples_split': 10, 'n_estimators': 120}",0.25123830489818383,0.2633037694013304,0.2587836884436292,0.25777525424771447,0.004977051541142942,7,0.5730388028762066,0.5700122320221463,0.5727494542185694,0.5719334963723074,0.001363664961007413,,,,,,,,,
Random Forest,17.437766393025715,1.1440336129477562,0.6304086844126383,0.038006374049021706,balanced_subsample,24.0,8.0,10.0,200.0,"{'class_weight': 'balanced_subsample', 'max_depth': 24, 'min_samples_leaf': 8, 'min_samples_split': 10, 'n_estimators': 200}",0.25014005602240896,0.26433430515063167,0.25797346881174144,0.2574826099949274,0.005805163440825522,8,0.5803237858032378,0.5770174306003873,0.5777662807993275,0.5783691657343176,0.0014155326124778722,,,,,,,,,
XGBoost,1.7629118760426838,1.3112997573485057,0.15698464711507162,0.08963851747392682,,4.0,,,120.0,"{'colsample_bytree': 0.9, 'learning_rate': 0.05, 'max_depth': 4, 'n_estimators': 120, 'reg_lambda': 0.5, 'scale_pos_weight': 1.0, 'subsample': 0.9}",0.01045751633986928,0.004605263157894736,0.010460934946060804,0.008507904814608273,0.0027595847329207474,31,0.019550342130987292,0.011147540983606558,0.015699100572363043,0.015465661228985633,0.003434398271010814,0.9,0.05,0.5,1.0,0.9,,,,
XGBoost,0.8409532705942789,0.1423354412251352,0.09727152188618977,0.008526356938320705,,4.0,,,120.0,"{'colsample_bytree': 0.9, 'learning_rate': 0.05, 'max_depth': 4, 'n_estimators': 120, 'reg_lambda': 0.5, 'scale_pos_weight': 7.960158485582214, 'subsample': 0.9}",0.2709193819795013,0.26880449238953746,0.2727749868786084,0.27083295374921573,0.0016220992573777967,12,0.29196240168808746,0.2894394710449092,0.28736227168527695,0.2895880481394245,0.0018809315733522968,0.9,0.05,0.5,7.960158485582214,0.9,,,,
XGBoost,0.8732466697692871,0.31994583776165636,0.0928057034810384,0.002133420073473547,,4.0,,,120.0,"{'colsample_bytree': 0.9, 'learning_rate': 0.05, 'max_depth': 4, 'n_estimators': 120, 'reg_lambda': 1.0, 'scale_pos_weight': 1.0, 'subsample': 0.9}",0.007848266841072597,0.004606778545574202,0.012414243711205489,0.00828976303261743,0.003202636127057203,32,0.01986323673070661,0.009845749917952083,0.015691402419091206,0.015133463022583301,0.004108607451725334,0.9,0.05,1.0,1.0,0.9,,,,
XGBoost,1.462280511856079,1.0881884102122135,0.0967567761739095,0.0047188344253963335,,4.0,,,120.0,"{'colsample_bytree': 0.9, 'learning_rate': 0.05, 'max_depth': 4, 'n_estimators': 120, 'reg_lambda': 1.0, 'scale_pos_weight': 7.960158485582214, 'subsample': 0.9}",0.2696955790117791,0.26950040587410523,0.2738757707926004,0.27102391855949487,0.002018137591612446,11,0.29262106072252114,0.2901012498609205,0.2876341092178045,0.2901188066004154,0.0020359522762784504,0.9,0.05,1.0,7.960158485582214,0.9,,,,
XGBoost,3.793947617212931,1.6167467674307003,0.16665331522623697,0.0633668086430398,,4.0,,,200.0,"{'colsample_bytree': 0.9, 'learning_rate': 0.05, 'max_depth': 4, 'n_estimators': 200, 'reg_lambda': 0.5, 'scale_pos_weight': 1.0, 'subsample': 0.9}",0.016223231667748216,0.011772400261608895,0.01498371335504886,0.014326448428135324,0.0018755395560712696,29,0.02852512155591572,0.02279016767051929,0.02375915378356387,0.025024814336666295,0.00250650440436684,0.9,0.05,0.5,1.0,0.9,,,,
XGBoost,2.5503644943237305,0.6462818566788077,0.12636987368265787,0.005829628542800723,,4.0,,,200.0,"{'colsample_bytree': 0.9, 'learning_rate': 0.05, 'max_depth': 4, 'n_estimators': 200, 'reg_lambda': 0.5, 'scale_pos_weight': 7.960158485582214, 'subsample': 0.9}",0.27161255494717357,0.2733867311470455,0.27553989891254405,0.27351306166892103,0.0016058180067390346,2,0.30382005041690907,0.29985178428913467,0.2998903301440835,0.3011873882833757,0.0018616397570848844,0.9,0.05,0.5,7.960158485582214,0.9,,,,
XGBoost,2.9035672346750894,0.03720265955388393,0.12644219398498535,0.0014495249759869859,,4.0,,,200.0,"{'colsample_bytree': 0.9, 'learning_rate': 0.05, 'max_depth': 4, 'n_estimators': 200, 'reg_lambda': 1.0, 'scale_pos_weight': 1.0, 'subsample': 0.9}",0.01752109020116807,0.00851063829787234,0.014988595633756924,0.013673441377599111,0.003794231051962872,30,0.0275348234531908,0.0195726635132931,0.02503250975292588,0.024046665573136592,0.0033244462483493645,0.9,0.05,1.0,1.0,0.9,,,,
XGBoost,3.0515689055124917,0.020440847653218196,0.12479050954182942,0.007139902964356445,,4.0,,,200.0,"{'colsample_bytree': 0.9, 'learning_rate': 0.05, 'max_depth': 4, 'n_estimators': 200, 'reg_lambda': 1.0, 'scale_pos_weight': 7.960158485582214, 'subsample': 0.9}",0.27219391693685346,0.27295435621830294,0.27549996139294264,0.273549411516033,0.0014137540078167682,1,0.3047220283786927,0.3003835491588501,0.30084519911672886,0.3019835922180906,0.0019455170050096291,0.9,0.05,1.0,7.960158485582214,0.9,,,,
XGBoost,2.4655612309773765,0.17765038141385783,0.11560924847920735,0.008116855936345651,,6.0,,,120.0,"{'colsample_bytree': 0.9, 'learning_rate': 0.05, 'max_depth': 6, 'n_estimators': 120, 'reg_lambda': 0.5, 'scale_pos_weight': 1.0, 'subsample': 0.9}",0.018164125851443398,0.011753183153770812,0.018158236057068743,0.016025181687427652,0.003020760089347721,26,0.04571060679220988,0.039101631927613505,0.04946996466431095,0.044760734461378106,0.004285811787621868,0.9,0.05,0.5,1.0,0.9,,,,
XGBoost,3.3772626717885337,0.6567154435937517,0.20123910903930664,0.057661025176373046,,6.0,,,120.0,"{'colsample_bytree': 0.9, 'learning_rate': 0.05, 'max_depth': 6, 'n_estimators': 120, 'reg_lambda': 0.5, 'scale_pos_weight': 7.960158485582214, 'subsample': 0.9}",0.27058350100603623,0.27176321620766064,0.2740037334631929,0.27211681689229655,0.0014185139168341506,7,0.33426454512328435,0.33290683726509396,0.3325480174100547,0.333239799932811,0.0007392631246231174,0.9,0.05,0.5,7.960158485582214,0.9,,,,
XGBoost,2.4421400229136148,0.039873903406371036,0.11358968416849773,0.0029500246818618364,,6.0,,,120.0,"{'colsample_bytree': 0.9, 'learning_rate': 0.05, 'max_depth': 6, 'n_estimators': 120, 'reg_lambda': 1.0, 'scale_pos_weight': 1.0, 'subsample': 0.9}",0.016894087069525665,0.013063357282821686,0.016254876462938883,0.015404106938428745,0.0016756052165434999,27,0.04096774193548387,0.038492641112728446,0.039107950872656755,0.039522777973623024,0.0010521698733167908,0.9,0.05,1.0,1.0,0.9,,,,
XGBoost,2.5718241532643638,0.049475158716050856,0.11930354436238606,0.006986542393566755,,6.0,,,120.0,"{'colsample_bytree': 0.9, 'learning_rate': 0.05, 'max_depth': 6, 'n_estimators': 120, 'reg_lambda': 1.0, 'scale_pos_weight': 7.960158485582214, 'subsample': 0.9}",0.26925869161894006,0.2747513027001421,0.27306451612903226,0.27235817014937147,0.0022973009677406293,6,0.33252309188138063,0.33151849938401623,0.3313142583884594,0.3317852832179521,0.0005283305871258816,0.9,0.05,1.0,7.960158485582214,0.9,,,,
XGBoost,3.4849327405293784,0.06461631888478005,0.1542628606160482,0.0005789068004057102,,6.0,,,200.0,"{'colsample_bytree': 0.9, 'learning_rate': 0.05, 'max_depth': 6, 'n_estimators': 200, 'reg_lambda': 0.5, 'scale_pos_weight': 1.0, 'subsample': 0.9}",0.02194964493221433,0.028985507246376812,0.02129032258064516,0.024075158253078766,0.0034825586300694694,22,0.0726868750991906,0.06626314112774769,0.0674836861371956,0.06881123412137796,0.002785423638838135,0.9,0.05,0.5,1.0,0.9,,,,
XGBoost,3.5379008452097573,0.10548947876448879,0.17103187243143717,0.0031832220157870387,,6.0,,,200.0,"{'colsample_bytree': 0.9, 'learning_rate': 0.05, 'max_depth': 6, 'n_estimators': 200, 'reg_lambda': 0.5, 'scale_pos_weight': 7.960158485582214, 'subsample': 0.9}",0.2711070203330265,0.2727423363711682,0.27570332480818416,0.27318422717079294,0.0019022713294345934,3,0.3631233153638814,0.36256337794032084,0.3650529122573119,0.3635798685205047,0.0010663882555886348,0.9,0.05,0.5,7.960158485582214,0.9,,,,
XGBoost,5.25503675142924,1.2891188970173884,0.2095616658528646,0.04519694713285458,,6.0,,,200.0,"{'colsample_bytree': 0.9, 'learning_rate': 0.05, 'max_depth': 6, 'n_estimators': 200, 'reg_lambda': 1.0, 'scale_pos_weight': 1.0, 'subsample': 0.9}",0.023195876288659795,0.026477236034872457,0.023248304811107522,0.024307139044879925,0.0015346395661462878,21,0.06682577565632458,0.0610223642172524,0.05824,0.06202937995785899,0.0035767253581598943,0.9,0.05,1.0,1.0,0.9,,,,
XGBoost,3.5555322964986167,0.1567081184846782,0.20629572868347168,0.07209794479710208,,6.0,,,200.0,"{'colsample_bytree': 0.9, 'learning_rate': 0.05, 'max_depth': 6, 'n_estimators': 200, 'reg_lambda': 1.0, 'scale_pos_weight': 7.960158485582214, 'subsample': 0.9}",0.2702702702702703,0.27454545454545454,0.27144664698439475,0.2720874572667065,0.001803196885189015,8,0.3631404473165205,0.3620833333333333,0.36200940608482124,0.3624110622448917,0.0005166354269401059,0.9,0.05,1.0,7.960158485582214,0.9,,,,
XGBoost,2.399604558944702,0.6543536109004242,0.12366310755411784,0.048015857481152446,,4.0,,,120.0,"{'colsample_bytree': 0.9, 'learning_rate': 0.1, 'max_depth': 4, 'n_estimators': 120, 'reg_lambda': 0.5, 'scale_pos_weight': 1.0, 'subsample': 0.9}",0.018134715025906734,0.0136986301369863,0.01946787800129786,0.017100407721396964,0.002466225041108721,25,0.03488372093023256,0.03017521090201168,0.031427182893244775,0.03216203824182967,0.0019912351207181287,0.9,0.1,0.5,1.0,0.9,,,,
XGBoost,2.555636405944824,0.8786889230695202,0.1302934487660726,0.05354853718184115,,4.0,,,120.0,"{'colsample_bytree': 0.9, 'learning_rate': 0.1, 'max_depth': 4, 'n_estimators': 120, 'reg_lambda': 0.5, 'scale_pos_weight': 7.960158485582214, 'subsample': 0.9}",0.270420362514462,0.27063701470033924,0.2733957736666925,0.2714843836271646,0.0013544478468650936,9,0.30774601450680733,0.30462568472306756,0.3045553476650502,0.30564234896497505,0.0014877933009106836,0.9,0.1,0.5,7.960158485582214,0.9,,,,
XGBoost,1.897948424021403,0.018948669182152936,0.09312152862548828,0.0044067814316300705,,4.0,,,120.0,"{'colsample_bytree': 0.9, 'learning_rate': 0.1, 'max_depth': 4, 'n_estimators': 120, 'reg_lambda': 1.0, 'scale_pos_weight': 1.0, 'subsample': 0.9}",0.01557935735150925,0.011753183153770812,0.01818772328678142,0.015173421264020494,0.0026425259079367355,28,0.028807250364136592,0.02695242734210099,0.026328620185275476,0.027362765963837687,0.0010526744445322274,0.9,0.1,1.0,1.0,0.9,,,,
XGBoost,1.9282445112864177,0.0096049356740159,0.09740400314331055,0.002214088893931149,,4.0,,,120.0,"{'colsample_bytree': 0.9, 'learning_rate': 0.1, 'max_depth': 4, 'n_estimators': 120, 'reg_lambda': 1.0, 'scale_pos_weight': 7.960158485582214, 'subsample': 0.9}",0.27231935633606685,0.2731625750551038,0.2734857849196539,0.27298923877027487,0.0004917133384950708,4,0.30985696517412936,0.30575388492230154,0.30442248254283205,0.30667777754642095,0.002312802564443517,0.9,0.1,1.0,7.960158485582214,0.9,,,,
XGBoost,2.827120304107666,0.017898735545216565,0.14645282427469888,0.03713916458607232,,4.0,,,200.0,"{'colsample_bytree': 0.9, 'learning_rate': 0.1, 'max_depth': 4, 'n_estimators': 200, 'reg_lambda': 0.5, 'scale_pos_weight': 1.0, 'subsample': 0.9}",0.020638503708481134,0.02711426726920594,0.023225806451612905,0.023659525809766657,0.0026614485760992116,23,0.0483974358974359,0.04185447520927238,0.04725168756027001,0.04583453288899276,0.002852931727592455,0.9,0.1,0.5,1.0,0.9,,,,
XGBoost,2.8014535903930664,0.024098387131020024,0.12346792221069336,0.0034938555900931897,,4.0,,,200.0,"{'colsample_bytree': 0.9, 'learning_rate': 0.1, 'max_depth': 4, 'n_estimators': 200, 'reg_lambda': 0.5, 'scale_pos_weight': 7.960158485582214, 'subsample': 0.9}",0.2713528061426423,0.2719626168224299,0.27537158382611476,0.27289566893039563,0.0017683482301154377,5,0.32593476531424026,0.3249577287562424,0.32548416360982924,0.3254588858934373,0.00039927378336639157,0.9,0.1,0.5,7.960158485582214,0.9,,,,
XGBoost,2.902092377344767,0.05667717662077872,0.1302945613861084,0.008320909003548723,,4.0,,,200.0,"{'colsample_bytree': 0.9, 'learning_rate': 0.1, 'max_depth': 4, 'n_estimators': 200, 'reg_lambda': 1.0, 'scale_pos_weight': 1.0, 'subsample': 0.9}",0.018093699515347336,0.021373056994818652,0.021985127707727127,0.02048396140596437,0.001708541594206819,24,0.04430176565008025,0.04152583293095123,0.04095453079651725,0.04226070979251625,0.0014619686025982152,0.9,0.1,1.0,1.0,0.9,,,,
XGBoost,2.805579582850138,0.02426263676772219,0.1190786361694336,0.00046395826680788367,,4.0,,,200.0,"{'colsample_bytree': 0.9, 'learning_rate': 0.1, 'max_depth': 4, 'n_estimators': 200, 'reg_lambda': 1.0, 'scale_pos_weight': 7.960158485582214, 'subsample': 0.9}",0.27060036481878025,0.2714263493544875,0.27219029374201786,0.2714056693050952,0.0006492504619785455,10,0.32867327836858246,0.3227708759238874,0.3246538703587162,0.325366008217062,0.0024616991288880833,0.9,0.1,1.0,7.960158485582214,0.9,,,,
XGBoost,4.2601901690165205,0.2799612817875902,0.22465125719706217,0.010085906412064208,,6.0,,,120.0,"{'colsample_bytree': 0.9, 'learning_rate': 0.1, 'max_depth': 6, 'n_estimators': 120, 'reg_lambda': 0.5, 'scale_pos_weight': 1.0, 'subsample': 0.9}",0.023084321898044245,0.02570694087403599,0.03011855174623518,0.026303271506105137,0.0029025052462029032,20,0.08535433070866141,0.08112373737373738,0.07879746835443038,0.08175851214560972,0.0027141991134694123,0.9,0.1,0.5,1.0,0.9,,,,
XGBoost,2.7139618396759033,0.6698793327568098,0.12375227610270183,0.015495238840943996,,6.0,,,120.0,"{'colsample_bytree': 0.9, 'learning_rate': 0.1, 'max_depth': 6, 'n_estimators': 120, 'reg_lambda': 0.5, 'scale_pos_weight': 7.960158485582214, 'subsample': 0.9}",0.267538644470868,0.2672587131367292,0.2698997515208637,0.268232369709487,0.0011845426590434633,14,0.3785368340555697,0.3768054555466136,0.375,0.3767807632007278,0.0014440120193678953,0.9,0.1,0.5,7.960158485582214,0.9,,,,
XGBoost,2.2847551504770913,0.027402390320740606,0.11884760856628418,0.004170653367042031,,6.0,,,120.0,"{'colsample_bytree': 0.9, 'learning_rate': 0.1, 'max_depth': 6, 'n_estimators': 120, 'reg_lambda': 1.0, 'scale_pos_weight': 1.0, 'subsample': 0.9}",0.0231809401159047,0.02956298200514139,0.02704443013522215,0.026596117418756077,0.00262467177475608,19,0.0786481364497789,0.07457949857188194,0.06779121578612349,0.07367295026926145,0.004478433799366698,0.9,0.1,1.0,1.0,0.9,,,,
XGBoost,2.283336321512858,0.019841059684845275,0.11310887336730957,0.0056898990965791865,,6.0,,,120.0,"{'colsample_bytree': 0.9, 'learning_rate': 0.1, 'max_depth': 6, 'n_estimators': 120, 'reg_lambda': 1.0, 'scale_pos_weight': 7.960158485582214, 'subsample': 0.9}",0.2673869007427414,0.27034230032481055,0.27444930144853,0.27072616750536066,0.0028959617218359446,13,0.3727058427344671,0.3749472796288486,0.37595187008288106,0.3745349974820656,0.0013568728294820246,0.9,0.1,1.0,7.960158485582214,0.9,,,,
XGBoost,3.602223793665568,0.5946125227798551,0.12764986356099448,0.015405882899680881,,6.0,,,200.0,"{'colsample_bytree': 0.9, 'learning_rate': 0.1, 'max_depth': 6, 'n_estimators': 200, 'reg_lambda': 0.5, 'scale_pos_weight': 1.0, 'subsample': 0.9}",0.02681136291094797,0.036328871892925434,0.03742467491278148,0.033521636572218294,0.004765922472542965,18,0.1374233128834356,0.11952314599783248,0.11810291382517049,0.12501645756881286,0.008792110438893608,0.9,0.1,0.5,1.0,0.9,,,,
XGBoost,2.905258576075236,0.2790157978877531,0.12284588813781738,0.023932215075553934,,6.0,,,200.0,"{'colsample_bytree': 0.9, 'learning_rate': 0.1, 'max_depth': 6, 'n_estimators': 200, 'reg_lambda': 0.5, 'scale_pos_weight': 7.960158485582214, 'subsample': 0.9}",0.2623338794829783,0.2622098754368671,0.27058823529411763,0.2650439967379877,0.0039206955272690636,16,0.4326914383871259,0.42997509621915325,0.42589928057553955,0.42952193839393954,0.0027913396957121674,0.9,0.1,0.5,7.960158485582214,0.9,,,,
XGBoost,2.7636942863464355,0.09746942540991893,0.07915600140889485,0.005068308657020332,,6.0,,,200.0,"{'colsample_bytree': 0.9, 'learning_rate': 0.1, 'max_depth': 6, 'n_estimators': 200, 'reg_lambda': 1.0, 'scale_pos_weight': 1.0, 'subsample': 0.9}",0.03062200956937799,0.03694267515923567,0.03379024545744342,0.03378497672868569,0.002580403611108123,17,0.12095901005413766,0.11481768813033359,0.104391311142366,0.11338933644227907,0.0068387281086644625,0.9,0.1,1.0,1.0,0.9,,,,
XGBoost,2.794042428334554,0.0438064314808111,0.07252566019694011,0.0027898285085990646,,6.0,,,200.0,"{'colsample_bytree': 0.9, 'learning_rate': 0.1, 'max_depth': 6, 'n_estimators': 200, 'reg_lambda': 1.0, 'scale_pos_weight': 7.960158485582214, 'subsample': 0.9}",0.26308217946412515,0.2669179680488243,0.27095604893520614,0.2669853988160518,0.0032148473569965923,15,0.4269068746078695,0.4318924809298947,0.42461593426223654,0.4278050966000002,0.003037777138195206,0.9,0.1,1.0,7.960158485582214,0.9,,,,
Rede Neural,20.58686900138855,1.1231529565741256,0.35433276494344074,0.28510739735471513,,,,,,"{'mlp__alpha': 0.001, 'mlp__batch_size': 64, 'mlp__hidden_layer_sizes': (100,), 'mlp__learning_rate_init': 0.001}",0.026122969098438992,0.020618556701030927,0.013636363636363636,0.020125963145277852,0.005109521523571434,2,0.04169982492439917,0.02920410783055199,0.014334582179508063,0.028412838311486405,0.011185815667190766,,,,,,0.001,64.0,"(100,)",0.001
Rede Neural,16.136008659998577,1.8001903916889401,0.5983332792917887,0.36948800288545447,,,,,,"{'mlp__alpha': 0.001, 'mlp__batch_size': 64, 'mlp__hidden_layer_sizes': (100,), 'mlp__learning_rate_init': 0.01}",0.01618646811265782,0.008524590163934427,0.0,0.00823701942553075,0.0066112258161257625,7,0.024559702698335757,0.005579258286839514,0.0,0.010046320328391757,0.010512238316044394,,,,,,0.001,64.0,"(100,)",0.01
Rede Neural,34.06110962231954,0.9723241669389835,0.3368409474690755,0.20800009383014528,,,,,,"{'mlp__alpha': 0.001, 'mlp__batch_size': 64, 'mlp__hidden_layer_sizes': (150, 75), 'mlp__learning_rate_init': 0.001}",0.006548788474132285,0.016877637130801686,0.005254515599343186,0.009560313734759053,0.005201038475170665,6,0.016636763986299135,0.026588845654993514,0.007229707525468288,0.01681843905558698,0.007904379024844812,,,,,,0.001,64.0,"(150, 75)",0.001
Rede Neural,52.8311759630839,26.008065238611294,0.3026916980743408,0.15290714880202938,,,,,,"{'mlp__alpha': 0.001, 'mlp__batch_size': 64, 'mlp__hidden_layer_sizes': (150, 75), 'mlp__learning_rate_init': 0.01}",0.013029315960912053,0.0,0.04121750158528852,0.01808227251540019,0.01720212945518614,4,0.027171276079573023,0.0,0.040667196187450357,0.022612824089007794,0.016912319471317553,,,,,,0.001,64.0,"(150, 75)",0.01
Rede Neural,17.131577173868816,2.3564329140866143,0.1453410784403483,0.01355736167009554,,,,,,"{'mlp__alpha': 0.01, 'mlp__batch_size': 64, 'mlp__hidden_layer_sizes': (100,), 'mlp__learning_rate_init': 0.001}",0.022257551669316374,0.021269738962294553,0.01299545159194282,0.018840914074517916,0.004152992271638462,3,0.06456692913385827,0.027013989387361312,0.014336917562724014,0.03530594536131453,0.02132808658419775,,,,,,0.01,64.0,"(100,)",0.001
Rede Neural,46.956254959106445,23.76762581175772,0.12668704986572266,0.08614573478194164,,,,,,"{'mlp__alpha': 0.01, 'mlp__batch_size': 64, 'mlp__hidden_layer_sizes': (100,), 'mlp__learning_rate_init': 0.01}",0.0484472049689441,0.013721006207121855,0.0,0.020722737058688653,0.02038874025067197,1,0.061762880198634386,0.011758941695247428,0.0,0.024507273964627273,0.026777519481156822,,,,,,0.01,64.0,"(100,)",0.01
Rede Neural,23.54725519816081,0.4915378201999246,0.22829294204711914,0.09913621541499006,,,,,,"{'mlp__alpha': 0.01, 'mlp__batch_size': 64, 'mlp__hidden_layer_sizes': (150, 75), 'mlp__learning_rate_init': 0.001}",0.003943476832073612,0.0046022353714661405,0.0039447731755424065,0.004163495126360719,0.00031023665389824683,8,0.014056881333769205,0.00821287779237845,0.007228519796287169,0.009832759640811609,0.0030138174268750286,,,,,,0.01,64.0,"(150, 75)",0.001
Rede Neural,53.07078170776367,12.554617910856283,0.10928845405578613,0.04315640257608731,,,,,,"{'mlp__alpha': 0.01, 'mlp__batch_size': 64, 'mlp__hidden_layer_sizes': (150, 75), 'mlp__learning_rate_init': 0.01}",0.016202203499675955,0.01626545217957059,0.007866273352999017,0.013444643010748521,0.0039445875261977514,5,0.02390566952027136,0.02008097165991903,0.007876599934361668,0.01728774703818402,0.006835414924644727,,,,,,0.01,64.0,"(150, 75)",0.01
